,user,timeline_url
0,"{'login': 'ooooo-create', 'id': 106524776, 'node_id': 'U_kgDOBllwaA', 'avatar_url': 'https://avatars.githubusercontent.com/u/106524776?v=4', 'gravatar_id': '', 'url': 'https://api.github.com/users/ooooo-create', 'html_url': 'https://github.com/ooooo-create', 'followers_url': 'https://api.github.com/users/ooooo-create/followers', 'following_url': 'https://api.github.com/users/ooooo-create/following{/other_user}', 'gists_url': 'https://api.github.com/users/ooooo-create/gists{/gist_id}', 'starred_url': 'https://api.github.com/users/ooooo-create/starred{/owner}{/repo}', 'subscriptions_url': 'https://api.github.com/users/ooooo-create/subscriptions', 'organizations_url': 'https://api.github.com/users/ooooo-create/orgs', 'repos_url': 'https://api.github.com/users/ooooo-create/repos', 'events_url': 'https://api.github.com/users/ooooo-create/events{/privacy}', 'received_events_url': 'https://api.github.com/users/ooooo-create/received_events', 'type': 'User', 'site_admin': False}",https://api.github.com/repos/pandas-dev/pandas/issues/57434/timeline
1,"{'login': 'lcrmorin', 'id': 4086709, 'node_id': 'MDQ6VXNlcjQwODY3MDk=', 'avatar_url': 'https://avatars.githubusercontent.com/u/4086709?v=4', 'gravatar_id': '', 'url': 'https://api.github.com/users/lcrmorin', 'html_url': 'https://github.com/lcrmorin', 'followers_url': 'https://api.github.com/users/lcrmorin/followers', 'following_url': 'https://api.github.com/users/lcrmorin/following{/other_user}', 'gists_url': 'https://api.github.com/users/lcrmorin/gists{/gist_id}', 'starred_url': 'https://api.github.com/users/lcrmorin/starred{/owner}{/repo}', 'subscriptions_url': 'https://api.github.com/users/lcrmorin/subscriptions', 'organizations_url': 'https://api.github.com/users/lcrmorin/orgs', 'repos_url': 'https://api.github.com/users/lcrmorin/repos', 'events_url': 'https://api.github.com/users/lcrmorin/events{/privacy}', 'received_events_url': 'https://api.github.com/users/lcrmorin/received_events', 'type': 'User', 'site_admin': False}",https://api.github.com/repos/pandas-dev/pandas/issues/57433/timeline
2,"{'login': 'JB-AM', 'id': 89064781, 'node_id': 'MDQ6VXNlcjg5MDY0Nzgx', 'avatar_url': 'https://avatars.githubusercontent.com/u/89064781?v=4', 'gravatar_id': '', 'url': 'https://api.github.com/users/JB-AM', 'html_url': 'https://github.com/JB-AM', 'followers_url': 'https://api.github.com/users/JB-AM/followers', 'following_url': 'https://api.github.com/users/JB-AM/following{/other_user}', 'gists_url': 'https://api.github.com/users/JB-AM/gists{/gist_id}', 'starred_url': 'https://api.github.com/users/JB-AM/starred{/owner}{/repo}', 'subscriptions_url': 'https://api.github.com/users/JB-AM/subscriptions', 'organizations_url': 'https://api.github.com/users/JB-AM/orgs', 'repos_url': 'https://api.github.com/users/JB-AM/repos', 'events_url': 'https://api.github.com/users/JB-AM/events{/privacy}', 'received_events_url': 'https://api.github.com/users/JB-AM/received_events', 'type': 'User', 'site_admin': False}",https://api.github.com/repos/pandas-dev/pandas/issues/57432/timeline
3,"{'login': 'rhshadrach', 'id': 45562402, 'node_id': 'MDQ6VXNlcjQ1NTYyNDAy', 'avatar_url': 'https://avatars.githubusercontent.com/u/45562402?v=4', 'gravatar_id': '', 'url': 'https://api.github.com/users/rhshadrach', 'html_url': 'https://github.com/rhshadrach', 'followers_url': 'https://api.github.com/users/rhshadrach/followers', 'following_url': 'https://api.github.com/users/rhshadrach/following{/other_user}', 'gists_url': 'https://api.github.com/users/rhshadrach/gists{/gist_id}', 'starred_url': 'https://api.github.com/users/rhshadrach/starred{/owner}{/repo}', 'subscriptions_url': 'https://api.github.com/users/rhshadrach/subscriptions', 'organizations_url': 'https://api.github.com/users/rhshadrach/orgs', 'repos_url': 'https://api.github.com/users/rhshadrach/repos', 'events_url': 'https://api.github.com/users/rhshadrach/events{/privacy}', 'received_events_url': 'https://api.github.com/users/rhshadrach/received_events', 'type': 'User', 'site_admin': False}",https://api.github.com/repos/pandas-dev/pandas/issues/57431/timeline
4,"{'login': 'twoertwein', 'id': 6618166, 'node_id': 'MDQ6VXNlcjY2MTgxNjY=', 'avatar_url': 'https://avatars.githubusercontent.com/u/6618166?v=4', 'gravatar_id': '', 'url': 'https://api.github.com/users/twoertwein', 'html_url': 'https://github.com/twoertwein', 'followers_url': 'https://api.github.com/users/twoertwein/followers', 'following_url': 'https://api.github.com/users/twoertwein/following{/other_user}', 'gists_url': 'https://api.github.com/users/twoertwein/gists{/gist_id}', 'starred_url': 'https://api.github.com/users/twoertwein/starred{/owner}{/repo}', 'subscriptions_url': 'https://api.github.com/users/twoertwein/subscriptions', 'organizations_url': 'https://api.github.com/users/twoertwein/orgs', 'repos_url': 'https://api.github.com/users/twoertwein/repos', 'events_url': 'https://api.github.com/users/twoertwein/events{/privacy}', 'received_events_url': 'https://api.github.com/users/twoertwein/received_events', 'type': 'User', 'site_admin': False}",https://api.github.com/repos/pandas-dev/pandas/issues/57430/timeline
5,"{'login': 'mroeschke', 'id': 10647082, 'node_id': 'MDQ6VXNlcjEwNjQ3MDgy', 'avatar_url': 'https://avatars.githubusercontent.com/u/10647082?v=4', 'gravatar_id': '', 'url': 'https://api.github.com/users/mroeschke', 'html_url': 'https://github.com/mroeschke', 'followers_url': 'https://api.github.com/users/mroeschke/followers', 'following_url': 'https://api.github.com/users/mroeschke/following{/other_user}', 'gists_url': 'https://api.github.com/users/mroeschke/gists{/gist_id}', 'starred_url': 'https://api.github.com/users/mroeschke/starred{/owner}{/repo}', 'subscriptions_url': 'https://api.github.com/users/mroeschke/subscriptions', 'organizations_url': 'https://api.github.com/users/mroeschke/orgs', 'repos_url': 'https://api.github.com/users/mroeschke/repos', 'events_url': 'https://api.github.com/users/mroeschke/events{/privacy}', 'received_events_url': 'https://api.github.com/users/mroeschke/received_events', 'type': 'User', 'site_admin': False}",https://api.github.com/repos/pandas-dev/pandas/issues/57429/timeline
6,"{'login': 'mroeschke', 'id': 10647082, 'node_id': 'MDQ6VXNlcjEwNjQ3MDgy', 'avatar_url': 'https://avatars.githubusercontent.com/u/10647082?v=4', 'gravatar_id': '', 'url': 'https://api.github.com/users/mroeschke', 'html_url': 'https://github.com/mroeschke', 'followers_url': 'https://api.github.com/users/mroeschke/followers', 'following_url': 'https://api.github.com/users/mroeschke/following{/other_user}', 'gists_url': 'https://api.github.com/users/mroeschke/gists{/gist_id}', 'starred_url': 'https://api.github.com/users/mroeschke/starred{/owner}{/repo}', 'subscriptions_url': 'https://api.github.com/users/mroeschke/subscriptions', 'organizations_url': 'https://api.github.com/users/mroeschke/orgs', 'repos_url': 'https://api.github.com/users/mroeschke/repos', 'events_url': 'https://api.github.com/users/mroeschke/events{/privacy}', 'received_events_url': 'https://api.github.com/users/mroeschke/received_events', 'type': 'User', 'site_admin': False}",https://api.github.com/repos/pandas-dev/pandas/issues/57428/timeline
7,"{'login': 'khider', 'id': 11758571, 'node_id': 'MDQ6VXNlcjExNzU4NTcx', 'avatar_url': 'https://avatars.githubusercontent.com/u/11758571?v=4', 'gravatar_id': '', 'url': 'https://api.github.com/users/khider', 'html_url': 'https://github.com/khider', 'followers_url': 'https://api.github.com/users/khider/followers', 'following_url': 'https://api.github.com/users/khider/following{/other_user}', 'gists_url': 'https://api.github.com/users/khider/gists{/gist_id}', 'starred_url': 'https://api.github.com/users/khider/starred{/owner}{/repo}', 'subscriptions_url': 'https://api.github.com/users/khider/subscriptions', 'organizations_url': 'https://api.github.com/users/khider/orgs', 'repos_url': 'https://api.github.com/users/khider/repos', 'events_url': 'https://api.github.com/users/khider/events{/privacy}', 'received_events_url': 'https://api.github.com/users/khider/received_events', 'type': 'User', 'site_admin': False}",https://api.github.com/repos/pandas-dev/pandas/issues/57427/timeline
8,"{'login': 'mroeschke', 'id': 10647082, 'node_id': 'MDQ6VXNlcjEwNjQ3MDgy', 'avatar_url': 'https://avatars.githubusercontent.com/u/10647082?v=4', 'gravatar_id': '', 'url': 'https://api.github.com/users/mroeschke', 'html_url': 'https://github.com/mroeschke', 'followers_url': 'https://api.github.com/users/mroeschke/followers', 'following_url': 'https://api.github.com/users/mroeschke/following{/other_user}', 'gists_url': 'https://api.github.com/users/mroeschke/gists{/gist_id}', 'starred_url': 'https://api.github.com/users/mroeschke/starred{/owner}{/repo}', 'subscriptions_url': 'https://api.github.com/users/mroeschke/subscriptions', 'organizations_url': 'https://api.github.com/users/mroeschke/orgs', 'repos_url': 'https://api.github.com/users/mroeschke/repos', 'events_url': 'https://api.github.com/users/mroeschke/events{/privacy}', 'received_events_url': 'https://api.github.com/users/mroeschke/received_events', 'type': 'User', 'site_admin': False}",https://api.github.com/repos/pandas-dev/pandas/issues/57425/timeline
9,"{'login': 'Dr-Irv', 'id': 15113894, 'node_id': 'MDQ6VXNlcjE1MTEzODk0', 'avatar_url': 'https://avatars.githubusercontent.com/u/15113894?v=4', 'gravatar_id': '', 'url': 'https://api.github.com/users/Dr-Irv', 'html_url': 'https://github.com/Dr-Irv', 'followers_url': 'https://api.github.com/users/Dr-Irv/followers', 'following_url': 'https://api.github.com/users/Dr-Irv/following{/other_user}', 'gists_url': 'https://api.github.com/users/Dr-Irv/gists{/gist_id}', 'starred_url': 'https://api.github.com/users/Dr-Irv/starred{/owner}{/repo}', 'subscriptions_url': 'https://api.github.com/users/Dr-Irv/subscriptions', 'organizations_url': 'https://api.github.com/users/Dr-Irv/orgs', 'repos_url': 'https://api.github.com/users/Dr-Irv/repos', 'events_url': 'https://api.github.com/users/Dr-Irv/events{/privacy}', 'received_events_url': 'https://api.github.com/users/Dr-Irv/received_events', 'type': 'User', 'site_admin': False}",https://api.github.com/repos/pandas-dev/pandas/issues/57424/timeline
10,"{'login': 'jordan-d-murphy', 'id': 35613487, 'node_id': 'MDQ6VXNlcjM1NjEzNDg3', 'avatar_url': 'https://avatars.githubusercontent.com/u/35613487?v=4', 'gravatar_id': '', 'url': 'https://api.github.com/users/jordan-d-murphy', 'html_url': 'https://github.com/jordan-d-murphy', 'followers_url': 'https://api.github.com/users/jordan-d-murphy/followers', 'following_url': 'https://api.github.com/users/jordan-d-murphy/following{/other_user}', 'gists_url': 'https://api.github.com/users/jordan-d-murphy/gists{/gist_id}', 'starred_url': 'https://api.github.com/users/jordan-d-murphy/starred{/owner}{/repo}', 'subscriptions_url': 'https://api.github.com/users/jordan-d-murphy/subscriptions', 'organizations_url': 'https://api.github.com/users/jordan-d-murphy/orgs', 'repos_url': 'https://api.github.com/users/jordan-d-murphy/repos', 'events_url': 'https://api.github.com/users/jordan-d-murphy/events{/privacy}', 'received_events_url': 'https://api.github.com/users/jordan-d-murphy/received_events', 'type': 'User', 'site_admin': False}",https://api.github.com/repos/pandas-dev/pandas/issues/57420/timeline
11,"{'login': 'datapythonista', 'id': 10058240, 'node_id': 'MDQ6VXNlcjEwMDU4MjQw', 'avatar_url': 'https://avatars.githubusercontent.com/u/10058240?v=4', 'gravatar_id': '', 'url': 'https://api.github.com/users/datapythonista', 'html_url': 'https://github.com/datapythonista', 'followers_url': 'https://api.github.com/users/datapythonista/followers', 'following_url': 'https://api.github.com/users/datapythonista/following{/other_user}', 'gists_url': 'https://api.github.com/users/datapythonista/gists{/gist_id}', 'starred_url': 'https://api.github.com/users/datapythonista/starred{/owner}{/repo}', 'subscriptions_url': 'https://api.github.com/users/datapythonista/subscriptions', 'organizations_url': 'https://api.github.com/users/datapythonista/orgs', 'repos_url': 'https://api.github.com/users/datapythonista/repos', 'events_url': 'https://api.github.com/users/datapythonista/events{/privacy}', 'received_events_url': 'https://api.github.com/users/datapythonista/received_events', 'type': 'User', 'site_admin': False}",https://api.github.com/repos/pandas-dev/pandas/issues/57419/timeline
12,"{'login': 'mplatzer', 'id': 208953, 'node_id': 'MDQ6VXNlcjIwODk1Mw==', 'avatar_url': 'https://avatars.githubusercontent.com/u/208953?v=4', 'gravatar_id': '', 'url': 'https://api.github.com/users/mplatzer', 'html_url': 'https://github.com/mplatzer', 'followers_url': 'https://api.github.com/users/mplatzer/followers', 'following_url': 'https://api.github.com/users/mplatzer/following{/other_user}', 'gists_url': 'https://api.github.com/users/mplatzer/gists{/gist_id}', 'starred_url': 'https://api.github.com/users/mplatzer/starred{/owner}{/repo}', 'subscriptions_url': 'https://api.github.com/users/mplatzer/subscriptions', 'organizations_url': 'https://api.github.com/users/mplatzer/orgs', 'repos_url': 'https://api.github.com/users/mplatzer/repos', 'events_url': 'https://api.github.com/users/mplatzer/events{/privacy}', 'received_events_url': 'https://api.github.com/users/mplatzer/received_events', 'type': 'User', 'site_admin': False}",https://api.github.com/repos/pandas-dev/pandas/issues/57418/timeline
13,"{'login': 'jordan-d-murphy', 'id': 35613487, 'node_id': 'MDQ6VXNlcjM1NjEzNDg3', 'avatar_url': 'https://avatars.githubusercontent.com/u/35613487?v=4', 'gravatar_id': '', 'url': 'https://api.github.com/users/jordan-d-murphy', 'html_url': 'https://github.com/jordan-d-murphy', 'followers_url': 'https://api.github.com/users/jordan-d-murphy/followers', 'following_url': 'https://api.github.com/users/jordan-d-murphy/following{/other_user}', 'gists_url': 'https://api.github.com/users/jordan-d-murphy/gists{/gist_id}', 'starred_url': 'https://api.github.com/users/jordan-d-murphy/starred{/owner}{/repo}', 'subscriptions_url': 'https://api.github.com/users/jordan-d-murphy/subscriptions', 'organizations_url': 'https://api.github.com/users/jordan-d-murphy/orgs', 'repos_url': 'https://api.github.com/users/jordan-d-murphy/repos', 'events_url': 'https://api.github.com/users/jordan-d-murphy/events{/privacy}', 'received_events_url': 'https://api.github.com/users/jordan-d-murphy/received_events', 'type': 'User', 'site_admin': False}",https://api.github.com/repos/pandas-dev/pandas/issues/57417/timeline
14,"{'login': 'jordan-d-murphy', 'id': 35613487, 'node_id': 'MDQ6VXNlcjM1NjEzNDg3', 'avatar_url': 'https://avatars.githubusercontent.com/u/35613487?v=4', 'gravatar_id': '', 'url': 'https://api.github.com/users/jordan-d-murphy', 'html_url': 'https://github.com/jordan-d-murphy', 'followers_url': 'https://api.github.com/users/jordan-d-murphy/followers', 'following_url': 'https://api.github.com/users/jordan-d-murphy/following{/other_user}', 'gists_url': 'https://api.github.com/users/jordan-d-murphy/gists{/gist_id}', 'starred_url': 'https://api.github.com/users/jordan-d-murphy/starred{/owner}{/repo}', 'subscriptions_url': 'https://api.github.com/users/jordan-d-murphy/subscriptions', 'organizations_url': 'https://api.github.com/users/jordan-d-murphy/orgs', 'repos_url': 'https://api.github.com/users/jordan-d-murphy/repos', 'events_url': 'https://api.github.com/users/jordan-d-murphy/events{/privacy}', 'received_events_url': 'https://api.github.com/users/jordan-d-murphy/received_events', 'type': 'User', 'site_admin': False}",https://api.github.com/repos/pandas-dev/pandas/issues/57416/timeline
15,"{'login': 'phofl', 'id': 61934744, 'node_id': 'MDQ6VXNlcjYxOTM0NzQ0', 'avatar_url': 'https://avatars.githubusercontent.com/u/61934744?v=4', 'gravatar_id': '', 'url': 'https://api.github.com/users/phofl', 'html_url': 'https://github.com/phofl', 'followers_url': 'https://api.github.com/users/phofl/followers', 'following_url': 'https://api.github.com/users/phofl/following{/other_user}', 'gists_url': 'https://api.github.com/users/phofl/gists{/gist_id}', 'starred_url': 'https://api.github.com/users/phofl/starred{/owner}{/repo}', 'subscriptions_url': 'https://api.github.com/users/phofl/subscriptions', 'organizations_url': 'https://api.github.com/users/phofl/orgs', 'repos_url': 'https://api.github.com/users/phofl/repos', 'events_url': 'https://api.github.com/users/phofl/events{/privacy}', 'received_events_url': 'https://api.github.com/users/phofl/received_events', 'type': 'User', 'site_admin': False}",https://api.github.com/repos/pandas-dev/pandas/issues/57412/timeline
16,"{'login': 'kinianlo', 'id': 3414912, 'node_id': 'MDQ6VXNlcjM0MTQ5MTI=', 'avatar_url': 'https://avatars.githubusercontent.com/u/3414912?v=4', 'gravatar_id': '', 'url': 'https://api.github.com/users/kinianlo', 'html_url': 'https://github.com/kinianlo', 'followers_url': 'https://api.github.com/users/kinianlo/followers', 'following_url': 'https://api.github.com/users/kinianlo/following{/other_user}', 'gists_url': 'https://api.github.com/users/kinianlo/gists{/gist_id}', 'starred_url': 'https://api.github.com/users/kinianlo/starred{/owner}{/repo}', 'subscriptions_url': 'https://api.github.com/users/kinianlo/subscriptions', 'organizations_url': 'https://api.github.com/users/kinianlo/orgs', 'repos_url': 'https://api.github.com/users/kinianlo/repos', 'events_url': 'https://api.github.com/users/kinianlo/events{/privacy}', 'received_events_url': 'https://api.github.com/users/kinianlo/received_events', 'type': 'User', 'site_admin': False}",https://api.github.com/repos/pandas-dev/pandas/issues/57411/timeline
17,"{'login': 'R3dan', 'id': 140912551, 'node_id': 'U_kgDOCGYnpw', 'avatar_url': 'https://avatars.githubusercontent.com/u/140912551?v=4', 'gravatar_id': '', 'url': 'https://api.github.com/users/R3dan', 'html_url': 'https://github.com/R3dan', 'followers_url': 'https://api.github.com/users/R3dan/followers', 'following_url': 'https://api.github.com/users/R3dan/following{/other_user}', 'gists_url': 'https://api.github.com/users/R3dan/gists{/gist_id}', 'starred_url': 'https://api.github.com/users/R3dan/starred{/owner}{/repo}', 'subscriptions_url': 'https://api.github.com/users/R3dan/subscriptions', 'organizations_url': 'https://api.github.com/users/R3dan/orgs', 'repos_url': 'https://api.github.com/users/R3dan/repos', 'events_url': 'https://api.github.com/users/R3dan/events{/privacy}', 'received_events_url': 'https://api.github.com/users/R3dan/received_events', 'type': 'User', 'site_admin': False}",https://api.github.com/repos/pandas-dev/pandas/issues/57409/timeline
18,"{'login': 'phofl', 'id': 61934744, 'node_id': 'MDQ6VXNlcjYxOTM0NzQ0', 'avatar_url': 'https://avatars.githubusercontent.com/u/61934744?v=4', 'gravatar_id': '', 'url': 'https://api.github.com/users/phofl', 'html_url': 'https://github.com/phofl', 'followers_url': 'https://api.github.com/users/phofl/followers', 'following_url': 'https://api.github.com/users/phofl/following{/other_user}', 'gists_url': 'https://api.github.com/users/phofl/gists{/gist_id}', 'starred_url': 'https://api.github.com/users/phofl/starred{/owner}{/repo}', 'subscriptions_url': 'https://api.github.com/users/phofl/subscriptions', 'organizations_url': 'https://api.github.com/users/phofl/orgs', 'repos_url': 'https://api.github.com/users/phofl/repos', 'events_url': 'https://api.github.com/users/phofl/events{/privacy}', 'received_events_url': 'https://api.github.com/users/phofl/received_events', 'type': 'User', 'site_admin': False}",https://api.github.com/repos/pandas-dev/pandas/issues/57403/timeline
19,"{'login': 'MarcoGorelli', 'id': 33491632, 'node_id': 'MDQ6VXNlcjMzNDkxNjMy', 'avatar_url': 'https://avatars.githubusercontent.com/u/33491632?v=4', 'gravatar_id': '', 'url': 'https://api.github.com/users/MarcoGorelli', 'html_url': 'https://github.com/MarcoGorelli', 'followers_url': 'https://api.github.com/users/MarcoGorelli/followers', 'following_url': 'https://api.github.com/users/MarcoGorelli/following{/other_user}', 'gists_url': 'https://api.github.com/users/MarcoGorelli/gists{/gist_id}', 'starred_url': 'https://api.github.com/users/MarcoGorelli/starred{/owner}{/repo}', 'subscriptions_url': 'https://api.github.com/users/MarcoGorelli/subscriptions', 'organizations_url': 'https://api.github.com/users/MarcoGorelli/orgs', 'repos_url': 'https://api.github.com/users/MarcoGorelli/repos', 'events_url': 'https://api.github.com/users/MarcoGorelli/events{/privacy}', 'received_events_url': 'https://api.github.com/users/MarcoGorelli/received_events', 'type': 'User', 'site_admin': False}",https://api.github.com/repos/pandas-dev/pandas/issues/57402/timeline
20,"{'login': 'tqa236', 'id': 25203655, 'node_id': 'MDQ6VXNlcjI1MjAzNjU1', 'avatar_url': 'https://avatars.githubusercontent.com/u/25203655?v=4', 'gravatar_id': '', 'url': 'https://api.github.com/users/tqa236', 'html_url': 'https://github.com/tqa236', 'followers_url': 'https://api.github.com/users/tqa236/followers', 'following_url': 'https://api.github.com/users/tqa236/following{/other_user}', 'gists_url': 'https://api.github.com/users/tqa236/gists{/gist_id}', 'starred_url': 'https://api.github.com/users/tqa236/starred{/owner}{/repo}', 'subscriptions_url': 'https://api.github.com/users/tqa236/subscriptions', 'organizations_url': 'https://api.github.com/users/tqa236/orgs', 'repos_url': 'https://api.github.com/users/tqa236/repos', 'events_url': 'https://api.github.com/users/tqa236/events{/privacy}', 'received_events_url': 'https://api.github.com/users/tqa236/received_events', 'type': 'User', 'site_admin': False}",https://api.github.com/repos/pandas-dev/pandas/issues/57401/timeline
21,"{'login': 'VISWESWARAN1998', 'id': 16797137, 'node_id': 'MDQ6VXNlcjE2Nzk3MTM3', 'avatar_url': 'https://avatars.githubusercontent.com/u/16797137?v=4', 'gravatar_id': '', 'url': 'https://api.github.com/users/VISWESWARAN1998', 'html_url': 'https://github.com/VISWESWARAN1998', 'followers_url': 'https://api.github.com/users/VISWESWARAN1998/followers', 'following_url': 'https://api.github.com/users/VISWESWARAN1998/following{/other_user}', 'gists_url': 'https://api.github.com/users/VISWESWARAN1998/gists{/gist_id}', 'starred_url': 'https://api.github.com/users/VISWESWARAN1998/starred{/owner}{/repo}', 'subscriptions_url': 'https://api.github.com/users/VISWESWARAN1998/subscriptions', 'organizations_url': 'https://api.github.com/users/VISWESWARAN1998/orgs', 'repos_url': 'https://api.github.com/users/VISWESWARAN1998/repos', 'events_url': 'https://api.github.com/users/VISWESWARAN1998/events{/privacy}', 'received_events_url': 'https://api.github.com/users/VISWESWARAN1998/received_events', 'type': 'User', 'site_admin': False}",https://api.github.com/repos/pandas-dev/pandas/issues/57399/timeline
22,"{'login': 'QuLogic', 'id': 302469, 'node_id': 'MDQ6VXNlcjMwMjQ2OQ==', 'avatar_url': 'https://avatars.githubusercontent.com/u/302469?v=4', 'gravatar_id': '', 'url': 'https://api.github.com/users/QuLogic', 'html_url': 'https://github.com/QuLogic', 'followers_url': 'https://api.github.com/users/QuLogic/followers', 'following_url': 'https://api.github.com/users/QuLogic/following{/other_user}', 'gists_url': 'https://api.github.com/users/QuLogic/gists{/gist_id}', 'starred_url': 'https://api.github.com/users/QuLogic/starred{/owner}{/repo}', 'subscriptions_url': 'https://api.github.com/users/QuLogic/subscriptions', 'organizations_url': 'https://api.github.com/users/QuLogic/orgs', 'repos_url': 'https://api.github.com/users/QuLogic/repos', 'events_url': 'https://api.github.com/users/QuLogic/events{/privacy}', 'received_events_url': 'https://api.github.com/users/QuLogic/received_events', 'type': 'User', 'site_admin': False}",https://api.github.com/repos/pandas-dev/pandas/issues/57397/timeline
23,"{'login': 'aidoskanapyanov', 'id': 65722512, 'node_id': 'MDQ6VXNlcjY1NzIyNTEy', 'avatar_url': 'https://avatars.githubusercontent.com/u/65722512?v=4', 'gravatar_id': '', 'url': 'https://api.github.com/users/aidoskanapyanov', 'html_url': 'https://github.com/aidoskanapyanov', 'followers_url': 'https://api.github.com/users/aidoskanapyanov/followers', 'following_url': 'https://api.github.com/users/aidoskanapyanov/following{/other_user}', 'gists_url': 'https://api.github.com/users/aidoskanapyanov/gists{/gist_id}', 'starred_url': 'https://api.github.com/users/aidoskanapyanov/starred{/owner}{/repo}', 'subscriptions_url': 'https://api.github.com/users/aidoskanapyanov/subscriptions', 'organizations_url': 'https://api.github.com/users/aidoskanapyanov/orgs', 'repos_url': 'https://api.github.com/users/aidoskanapyanov/repos', 'events_url': 'https://api.github.com/users/aidoskanapyanov/events{/privacy}', 'received_events_url': 'https://api.github.com/users/aidoskanapyanov/received_events', 'type': 'User', 'site_admin': False}",https://api.github.com/repos/pandas-dev/pandas/issues/57396/timeline
24,"{'login': 'ajfriend', 'id': 984039, 'node_id': 'MDQ6VXNlcjk4NDAzOQ==', 'avatar_url': 'https://avatars.githubusercontent.com/u/984039?v=4', 'gravatar_id': '', 'url': 'https://api.github.com/users/ajfriend', 'html_url': 'https://github.com/ajfriend', 'followers_url': 'https://api.github.com/users/ajfriend/followers', 'following_url': 'https://api.github.com/users/ajfriend/following{/other_user}', 'gists_url': 'https://api.github.com/users/ajfriend/gists{/gist_id}', 'starred_url': 'https://api.github.com/users/ajfriend/starred{/owner}{/repo}', 'subscriptions_url': 'https://api.github.com/users/ajfriend/subscriptions', 'organizations_url': 'https://api.github.com/users/ajfriend/orgs', 'repos_url': 'https://api.github.com/users/ajfriend/repos', 'events_url': 'https://api.github.com/users/ajfriend/events{/privacy}', 'received_events_url': 'https://api.github.com/users/ajfriend/received_events', 'type': 'User', 'site_admin': False}",https://api.github.com/repos/pandas-dev/pandas/issues/57395/timeline
25,"{'login': 'jordan-d-murphy', 'id': 35613487, 'node_id': 'MDQ6VXNlcjM1NjEzNDg3', 'avatar_url': 'https://avatars.githubusercontent.com/u/35613487?v=4', 'gravatar_id': '', 'url': 'https://api.github.com/users/jordan-d-murphy', 'html_url': 'https://github.com/jordan-d-murphy', 'followers_url': 'https://api.github.com/users/jordan-d-murphy/followers', 'following_url': 'https://api.github.com/users/jordan-d-murphy/following{/other_user}', 'gists_url': 'https://api.github.com/users/jordan-d-murphy/gists{/gist_id}', 'starred_url': 'https://api.github.com/users/jordan-d-murphy/starred{/owner}{/repo}', 'subscriptions_url': 'https://api.github.com/users/jordan-d-murphy/subscriptions', 'organizations_url': 'https://api.github.com/users/jordan-d-murphy/orgs', 'repos_url': 'https://api.github.com/users/jordan-d-murphy/repos', 'events_url': 'https://api.github.com/users/jordan-d-murphy/events{/privacy}', 'received_events_url': 'https://api.github.com/users/jordan-d-murphy/received_events', 'type': 'User', 'site_admin': False}",https://api.github.com/repos/pandas-dev/pandas/issues/57392/timeline
26,"{'login': 'QuLogic', 'id': 302469, 'node_id': 'MDQ6VXNlcjMwMjQ2OQ==', 'avatar_url': 'https://avatars.githubusercontent.com/u/302469?v=4', 'gravatar_id': '', 'url': 'https://api.github.com/users/QuLogic', 'html_url': 'https://github.com/QuLogic', 'followers_url': 'https://api.github.com/users/QuLogic/followers', 'following_url': 'https://api.github.com/users/QuLogic/following{/other_user}', 'gists_url': 'https://api.github.com/users/QuLogic/gists{/gist_id}', 'starred_url': 'https://api.github.com/users/QuLogic/starred{/owner}{/repo}', 'subscriptions_url': 'https://api.github.com/users/QuLogic/subscriptions', 'organizations_url': 'https://api.github.com/users/QuLogic/orgs', 'repos_url': 'https://api.github.com/users/QuLogic/repos', 'events_url': 'https://api.github.com/users/QuLogic/events{/privacy}', 'received_events_url': 'https://api.github.com/users/QuLogic/received_events', 'type': 'User', 'site_admin': False}",https://api.github.com/repos/pandas-dev/pandas/issues/57391/timeline
27,"{'login': 'mroeschke', 'id': 10647082, 'node_id': 'MDQ6VXNlcjEwNjQ3MDgy', 'avatar_url': 'https://avatars.githubusercontent.com/u/10647082?v=4', 'gravatar_id': '', 'url': 'https://api.github.com/users/mroeschke', 'html_url': 'https://github.com/mroeschke', 'followers_url': 'https://api.github.com/users/mroeschke/followers', 'following_url': 'https://api.github.com/users/mroeschke/following{/other_user}', 'gists_url': 'https://api.github.com/users/mroeschke/gists{/gist_id}', 'starred_url': 'https://api.github.com/users/mroeschke/starred{/owner}{/repo}', 'subscriptions_url': 'https://api.github.com/users/mroeschke/subscriptions', 'organizations_url': 'https://api.github.com/users/mroeschke/orgs', 'repos_url': 'https://api.github.com/users/mroeschke/repos', 'events_url': 'https://api.github.com/users/mroeschke/events{/privacy}', 'received_events_url': 'https://api.github.com/users/mroeschke/received_events', 'type': 'User', 'site_admin': False}",https://api.github.com/repos/pandas-dev/pandas/issues/57390/timeline
28,"{'login': 'rhshadrach', 'id': 45562402, 'node_id': 'MDQ6VXNlcjQ1NTYyNDAy', 'avatar_url': 'https://avatars.githubusercontent.com/u/45562402?v=4', 'gravatar_id': '', 'url': 'https://api.github.com/users/rhshadrach', 'html_url': 'https://github.com/rhshadrach', 'followers_url': 'https://api.github.com/users/rhshadrach/followers', 'following_url': 'https://api.github.com/users/rhshadrach/following{/other_user}', 'gists_url': 'https://api.github.com/users/rhshadrach/gists{/gist_id}', 'starred_url': 'https://api.github.com/users/rhshadrach/starred{/owner}{/repo}', 'subscriptions_url': 'https://api.github.com/users/rhshadrach/subscriptions', 'organizations_url': 'https://api.github.com/users/rhshadrach/orgs', 'repos_url': 'https://api.github.com/users/rhshadrach/repos', 'events_url': 'https://api.github.com/users/rhshadrach/events{/privacy}', 'received_events_url': 'https://api.github.com/users/rhshadrach/received_events', 'type': 'User', 'site_admin': False}",https://api.github.com/repos/pandas-dev/pandas/issues/57386/timeline
29,"{'login': 'natmokval', 'id': 91160475, 'node_id': 'MDQ6VXNlcjkxMTYwNDc1', 'avatar_url': 'https://avatars.githubusercontent.com/u/91160475?v=4', 'gravatar_id': '', 'url': 'https://api.github.com/users/natmokval', 'html_url': 'https://github.com/natmokval', 'followers_url': 'https://api.github.com/users/natmokval/followers', 'following_url': 'https://api.github.com/users/natmokval/following{/other_user}', 'gists_url': 'https://api.github.com/users/natmokval/gists{/gist_id}', 'starred_url': 'https://api.github.com/users/natmokval/starred{/owner}{/repo}', 'subscriptions_url': 'https://api.github.com/users/natmokval/subscriptions', 'organizations_url': 'https://api.github.com/users/natmokval/orgs', 'repos_url': 'https://api.github.com/users/natmokval/repos', 'events_url': 'https://api.github.com/users/natmokval/events{/privacy}', 'received_events_url': 'https://api.github.com/users/natmokval/received_events', 'type': 'User', 'site_admin': False}",https://api.github.com/repos/pandas-dev/pandas/issues/57384/timeline
